"id","name","radius","mass","start_x","start_y","start_vx","start_vy","description","colour","image_path"
"1","Sun","696340.0","1.989E+30","0.0","0.0","0.0","0.0","The Sun is the star at the center of the Solar System.","yellow","planet_images/sun.png"
"2","Mercury","2439.7","3.3011E+23","58344000000.0","0.0","0.0","47870.0","Mercury is the smallest and innermost planet in the Solar System.","gray","planet_images/mercury.png"
"3","Venus","6051.8","4.867E+24","107712000000.0","0.0","0.0","35020.0","Venus is the second planet from the Sun and has a thick, toxic atmosphere.","orange","planet_images/venus.png"
"4","Earth","6371.0","5.972E+24","149600000000.0","0.0","0.0","30000.0","The Earth is the third planet from the Sun.","blue","planet_images/earth.png"
"5","Mars","3389.5","6.39E+23","227392000000.0","0.0","0.0","24077.0","Mars is the fourth planet from the Sun and is known as the Red Planet.","red","planet_images/mars.png"
"6","Jupiter","69911.0","1.898E+27","777920000000.0","0.0","0.0","13070.0","Jupiter is the largest planet in the Solar System and has a strong magnetic field.","orange","planet_images/jupiter.png"
"7","Saturn","58232.0","5.683E+26","1433168000000.0","0.0","0.0","9680.0","Saturn is famous for its prominent ring system.","yellow","planet_images/saturn.png"
"8","Uranus","25362.0","8.681E+25","2872320000000.0","0.0","0.0","6800.0","Uranus is the seventh planet and has a unique sideways rotation.","cyan","planet_images/uranus.png"
"9","Neptune","24622.0","1.024E+26","4495480000000.0","0.0","0.0","5430.0","Neptune is the farthest planet from the Sun and has strong winds.","blue","planet_images/neptune.png"
